Insert into CUSTOMER (CUST_EMAIL,PASSWORD,NUMBER_BIDS,STREET_ADDR,CITY,STATE,COUNTRY,ZIP,REG_DATE,TITLE,FIRST_NAME,MIDDLE_INITIALS,LAST_NAME,SUFFIX) values ('xyz@xyz.com','ytyudh',1,'XYZYZYZYSY','XYZYZYZYSY','XY','XYZYZYZYSY',10101,to_timestamp('31-JAN-00 10.27.43.000000000 PM','DD-MON-RR HH.MI.SSXFF AM'),'Mr','XYZ','Y','ZZ','Sr');
Insert into CUSTOMER (CUST_EMAIL,PASSWORD,NUMBER_BIDS,STREET_ADDR,CITY,STATE,COUNTRY,ZIP,REG_DATE,TITLE,FIRST_NAME,MIDDLE_INITIALS,LAST_NAME,SUFFIX) values ('maikkruger@jourrapide.com','shjfyts',0,'2649 Arbutus Drive','Doral','FL','USA',33178,to_timestamp('26-JUN-02 09.39.16.780000000 AM','DD-MON-RR HH.MI.SSXFF AM'),'Dr','Maik',null,'Kruger',null);
Insert into CUSTOMER (CUST_EMAIL,PASSWORD,NUMBER_BIDS,STREET_ADDR,CITY,STATE,COUNTRY,ZIP,REG_DATE,TITLE,FIRST_NAME,MIDDLE_INITIALS,LAST_NAME,SUFFIX) values ('NoahMiah@dayrep.com','Piegu',0,'2829 Ash Avenue','Tampa','FL','USA',98768,to_timestamp('06-JUN-12 08.49.05.000000000 PM','DD-MON-RR HH.MI.SSXFF AM'),'Mr','Noah ',null,'Miah','Jr');
Insert into CUSTOMER (CUST_EMAIL,PASSWORD,NUMBER_BIDS,STREET_ADDR,CITY,STATE,COUNTRY,ZIP,REG_DATE,TITLE,FIRST_NAME,MIDDLE_INITIALS,LAST_NAME,SUFFIX) values ('NellaFiorentino@armyspy.com','Uj4at',0,'70 Merthyr Road','BURDOCKS','GL','Italy',45326030,to_timestamp('06-JUN-09 10.00.06.000000000 PM','DD-MON-RR HH.MI.SSXFF AM'),'Ms','Nella ',null,'Fiorentino',null);
Insert into CUSTOMER (CUST_EMAIL,PASSWORD,NUMBER_BIDS,STREET_ADDR,CITY,STATE,COUNTRY,ZIP,REG_DATE,TITLE,FIRST_NAME,MIDDLE_INITIALS,LAST_NAME,SUFFIX) values ('HoneyCrawford@dayrep.com','uwrtsah',3,null,'Denver','CO','USA',80209,to_timestamp('25-NOV-01 09.58.38.000000000 PM','DD-MON-RR HH.MI.SSXFF AM'),'Mrs','Honey',null,'Crawford',null);
Insert into CUSTOMER (CUST_EMAIL,PASSWORD,NUMBER_BIDS,STREET_ADDR,CITY,STATE,COUNTRY,ZIP,REG_DATE,TITLE,FIRST_NAME,MIDDLE_INITIALS,LAST_NAME,SUFFIX) values ('EveRobey@jourrapide.com','Frokcal',0,'26 Abbey Row','Denver',null,'USA',80209,to_timestamp('31-JAN-14 10.27.43.000000000 PM','DD-MON-RR HH.MI.SSXFF AM'),'Ms','Eve','S','Robey','Sr');
Insert into CUSTOMER (CUST_EMAIL,PASSWORD,NUMBER_BIDS,STREET_ADDR,CITY,STATE,COUNTRY,ZIP,REG_DATE,TITLE,FIRST_NAME,MIDDLE_INITIALS,LAST_NAME,SUFFIX) values ('nihadmadaboutros@armyspy.com','aec1Doh',0,'249 Broadway Street','Denver','CO','USA',80209,to_timestamp('03-MAR-06 09.31.07.000000000 PM','DD-MON-RR HH.MI.SSXFF AM'),'Ms','Nihad ','M','Boutros',null);
Insert into CUSTOMER (CUST_EMAIL,PASSWORD,NUMBER_BIDS,STREET_ADDR,CITY,STATE,COUNTRY,ZIP,REG_DATE,TITLE,FIRST_NAME,MIDDLE_INITIALS,LAST_NAME,SUFFIX) values ('LeeY@teleworm.us','yurtyes',1,'2120 McKinley Avenue','Denver','CO','USA',80209,to_timestamp('12-DEC-11 01.33.04.000000000 AM','DD-MON-RR HH.MI.SSXFF AM'),'Dr','Lee',null,'Yu',null);
Insert into CUSTOMER (CUST_EMAIL,PASSWORD,NUMBER_BIDS,STREET_ADDR,CITY,STATE,COUNTRY,ZIP,REG_DATE,TITLE,FIRST_NAME,MIDDLE_INITIALS,LAST_NAME,SUFFIX) values ('cileOuellet@teleworm.us','uKei6v',0,'Waldowstr. 56','Lauf',null,'Germany',77886,to_timestamp('14-MAR-13 05.51.18.000000000 PM','DD-MON-RR HH.MI.SSXFF AM'),'Ms','Cécile','L','Ouellet','III');
Insert into CUSTOMER (CUST_EMAIL,PASSWORD,NUMBER_BIDS,STREET_ADDR,CITY,STATE,COUNTRY,ZIP,REG_DATE,TITLE,FIRST_NAME,MIDDLE_INITIALS,LAST_NAME,SUFFIX) values ('SidvanErp@teleworm.us','siugfj',10,'2007 Stanley Rd','Mbazwana',null,'South Africa',3988,to_timestamp('23-MAR-01 03.53.34.000000000 PM','DD-MON-RR HH.MI.SSXFF AM'),'Mr','Sid ',null,'Erp',null);
Insert into CUSTOMER (CUST_EMAIL,PASSWORD,NUMBER_BIDS,STREET_ADDR,CITY,STATE,COUNTRY,ZIP,REG_DATE,TITLE,FIRST_NAME,MIDDLE_INITIALS,LAST_NAME,SUFFIX) values ('GustavPerales@dayrep.com','Ufohto',0,'1624 White Lane','Tyler','TX','USA',75701,to_timestamp('20-NOV-12 11.38.14.000000000 AM','DD-MON-RR HH.MI.SSXFF AM'),'Mr','Gustav ','V','Valentín Perales',null);

Insert into ITEM (ITEM_NO,ITEM_EMAIL,PRICE,WEIGHT,DEADLINE,FILENAME,DESCRIPTION) values (3,'NellaFiorentino@armyspy.com',1200,300,to_timestamp('03-05-14 03:36:31.000000000 AM','DD-MM-RR HH12:MI:SSXFF AM'),'Armani.png','Purse');
Insert into ITEM (ITEM_NO,ITEM_EMAIL,PRICE,WEIGHT,DEADLINE,FILENAME,DESCRIPTION) values (4,'EveRobey@jourrapide.com',20,30,to_timestamp('14-05-14 04:05:22.000000000 PM','DD-MM-RR HH12:MI:SSXFF AM'),'hotwheelscar.png','Toys');
Insert into ITEM (ITEM_NO,ITEM_EMAIL,PRICE,WEIGHT,DEADLINE,FILENAME,DESCRIPTION) values (5,'LeeY@teleworm.us',100,20,to_timestamp('30-04-14 05:35:18.000000000 AM','DD-MM-RR HH12:MI:SSXFF AM'),'Inception.png','Inception HD DVD');
Insert into ITEM (ITEM_NO,ITEM_EMAIL,PRICE,WEIGHT,DEADLINE,FILENAME,DESCRIPTION) values (23,'GustavPerales@dayrep.com',1000,500,to_timestamp('05-05-14 01:32:38.000000000 AM','DD-MM-RR HH12:MI:SSXFF AM'),'DellLaptop15R.png','Laptop Alienware');
Insert into ITEM (ITEM_NO,ITEM_EMAIL,PRICE,WEIGHT,DEADLINE,FILENAME,DESCRIPTION) values (24,'maikkruger@jourrapide.com',1200,250,to_timestamp('06-05-14 01:32:38.000000000 AM','DD-MM-RR HH12:MI:SSXFF AM'),'Apple.png','Apple iPad 6 ');
Insert into ITEM (ITEM_NO,ITEM_EMAIL,PRICE,WEIGHT,DEADLINE,FILENAME,DESCRIPTION) values (25,'EveRobey@jourrapide.com',65,10,to_timestamp('13-05-14 08:50:14.000000000 PM','DD-MM-RR HH12:MI:SSXFF AM'),'Headphones.png','Bose Headphones');
Insert into ITEM (ITEM_NO,ITEM_EMAIL,PRICE,WEIGHT,DEADLINE,FILENAME,DESCRIPTION) values (28,'nihadmadaboutros@armyspy.com',555,20,to_timestamp('30-04-14 06:25:10.000000000 AM','DD-MM-RR HH12:MI:SSXFF AM'),'goldearirng.png','Gold Ear ring');
Insert into ITEM (ITEM_NO,ITEM_EMAIL,PRICE,WEIGHT,DEADLINE,FILENAME,DESCRIPTION) values (6,'SidvanErp@teleworm.us',1000,50,to_timestamp('13-05-14 09:08:13.000000000 PM','DD-MM-RR HH12:MI:SSXFF AM'),'Gold Chain.gif','Diamond studded gold chain');
Insert into ITEM (ITEM_NO,ITEM_EMAIL,PRICE,WEIGHT,DEADLINE,FILENAME,DESCRIPTION) values (7,'SidvanErp@teleworm.us',80,500,to_timestamp('27-04-14 02:08:28.000000000 PM','DD-MM-RR HH12:MI:SSXFF AM'),'Java.png','Text Books');
Insert into ITEM (ITEM_NO,ITEM_EMAIL,PRICE,WEIGHT,DEADLINE,FILENAME,DESCRIPTION) values (8,'HoneyCrawford@dayrep.com',150,1000,to_timestamp('12-05-14 05:50:36.000000000 AM','DD-MM-RR HH12:MI:SSXFF AM'),'mixy.jpg','Electronic Mixer grinder');
Insert into ITEM (ITEM_NO,ITEM_EMAIL,PRICE,WEIGHT,DEADLINE,FILENAME,DESCRIPTION) values (9,'NellaFiorentino@armyspy.com',10,10,to_timestamp('07-05-14 07:41:46.000000000 AM','DD-MM-RR HH12:MI:SSXFF AM'),'singham.png','Singham DVD');
Insert into ITEM (ITEM_NO,ITEM_EMAIL,PRICE,WEIGHT,DEADLINE,FILENAME,DESCRIPTION) values (10,'cileOuellet@teleworm.us',50,100,to_timestamp('30-04-14 06:25:10.000000000 AM','DD-MM-RR HH12:MI:SSXFF AM'),'barbie.png','Barbie Doll');
Insert into ITEM (ITEM_NO,ITEM_EMAIL,PRICE,WEIGHT,DEADLINE,FILENAME,DESCRIPTION) values (11,'maikkruger@jourrapide.com',500,200,to_timestamp('13-05-14 09:08:13.000000000 PM','DD-MM-RR HH12:MI:SSXFF AM'),'benz.jpeg','Benz toy');
Insert into ITEM (ITEM_NO,ITEM_EMAIL,PRICE,WEIGHT,DEADLINE,FILENAME,DESCRIPTION) values (21,'nihadmadaboutros@armyspy.com',70,10,to_timestamp('11-05-14 08:50:14.000000000 PM','DD-MM-RR HH12:MI:SSXFF AM'),'Mouse.png','Computer Mouse');
Insert into ITEM (ITEM_NO,ITEM_EMAIL,PRICE,WEIGHT,DEADLINE,FILENAME,DESCRIPTION) values (22,'HoneyCrawford@dayrep.com',15,50,to_timestamp('15-05-14 05:50:36.000000000 PM','DD-MM-RR HH12:MI:SSXFF AM'),'Parker.jpg','Parker ink pen');
Insert into ITEM (ITEM_NO,ITEM_EMAIL,PRICE,WEIGHT,DEADLINE,FILENAME,DESCRIPTION) values (26,'NoahMiah@dayrep.com',75,500,to_timestamp('30-04-14 02:08:28.000000000 PM','DD-MM-RR HH12:MI:SSXFF AM'),'dbbook.jpg','Database System Concepts');
Insert into ITEM (ITEM_NO,ITEM_EMAIL,PRICE,WEIGHT,DEADLINE,FILENAME,DESCRIPTION) values (27,'cileOuellet@teleworm.us',500,20,to_timestamp('30-04-14 06:25:10.000000000 PM','DD-MM-RR HH12:MI:SSXFF AM'),'goldchain.jpg','Chain');
Insert into ITEM (ITEM_NO,ITEM_EMAIL,PRICE,WEIGHT,DEADLINE,FILENAME,DESCRIPTION) values (2,'GustavPerales@dayrep.com',200,100,to_timestamp('02-05-14 01:32:38.000000000 PM','DD-MM-RR HH12:MI:SSXFF AM'),'Panda.jpg','Stuff Animal');
Insert into ITEM (ITEM_NO,ITEM_EMAIL,PRICE,WEIGHT,DEADLINE,FILENAME,DESCRIPTION) values (3,'SidvanErp@teleworm.us',20,1,to_timestamp('28-04-14 05:33:56.000000000 AM','DD-MM-RR HH12:MI:SSXFF AM'),'Cam.png','Camera');

Insert into CUST_BID_ITEM (BID_ITEM_EMAIL,BID_ITEM_NO,AMOUNT,BID_DATE_TIME,BID_CUST_EMAIL) values ('NellaFiorentino@armyspy.com',3,300,to_timestamp('18-04-14 03:42:52.000000000 PM','DD-MM-RR HH12:MI:SSXFF AM'),'GustavPerales@dayrep.com');
Insert into CUST_BID_ITEM (BID_ITEM_EMAIL,BID_ITEM_NO,AMOUNT,BID_DATE_TIME,BID_CUST_EMAIL) values ('NellaFiorentino@armyspy.com',3,500,to_timestamp('18-04-14 09:14:41.000000000 AM','DD-MM-RR HH12:MI:SSXFF AM'),'LeeY@teleworm.us');
Insert into CUST_BID_ITEM (BID_ITEM_EMAIL,BID_ITEM_NO,AMOUNT,BID_DATE_TIME,BID_CUST_EMAIL) values ('NellaFiorentino@armyspy.com',3,700,to_timestamp('20-04-14 01:11:20.000000000 AM','DD-MM-RR HH12:MI:SSXFF AM'),'HoneyCrawford@dayrep.com');
Insert into CUST_BID_ITEM (BID_ITEM_EMAIL,BID_ITEM_NO,AMOUNT,BID_DATE_TIME,BID_CUST_EMAIL) values ('NellaFiorentino@armyspy.com',3,800,to_timestamp('04-04-14 08:05:22.000000000 PM','DD-MM-RR HH12:MI:SSXFF AM'),'maikkruger@jourrapide.com');
Insert into CUST_BID_ITEM (BID_ITEM_EMAIL,BID_ITEM_NO,AMOUNT,BID_DATE_TIME,BID_CUST_EMAIL) values ('NellaFiorentino@armyspy.com',3,1100,to_timestamp('12-04-14 07:59:24.000000000 AM','DD-MM-RR HH12:MI:SSXFF AM'),'NoahMiah@dayrep.com');
Insert into CUST_BID_ITEM (BID_ITEM_EMAIL,BID_ITEM_NO,AMOUNT,BID_DATE_TIME,BID_CUST_EMAIL) values ('SidvanErp@teleworm.us',6,200,to_timestamp('07-05-14 10:10:10.000000000 AM','DD-MM-RR HH12:MI:SSXFF AM'),'NellaFiorentino@armyspy.com');
Insert into CUST_BID_ITEM (BID_ITEM_EMAIL,BID_ITEM_NO,AMOUNT,BID_DATE_TIME,BID_CUST_EMAIL) values ('SidvanErp@teleworm.us',6,450,to_timestamp('12-05-14 01:57:02.000000000 AM','DD-MM-RR HH12:MI:SSXFF AM'),'EveRobey@jourrapide.com');
Insert into CUST_BID_ITEM (BID_ITEM_EMAIL,BID_ITEM_NO,AMOUNT,BID_DATE_TIME,BID_CUST_EMAIL) values ('SidvanErp@teleworm.us',6,730,to_timestamp('01-05-14 03:08:58.000000000 AM','DD-MM-RR HH12:MI:SSXFF AM'),'HoneyCrawford@dayrep.com');
Insert into CUST_BID_ITEM (BID_ITEM_EMAIL,BID_ITEM_NO,AMOUNT,BID_DATE_TIME,BID_CUST_EMAIL) values ('SidvanErp@teleworm.us',6,750,to_timestamp('07-05-14 01:00:28.000000000 AM','DD-MM-RR HH12:MI:SSXFF AM'),'cileOuellet@teleworm.us');
Insert into CUST_BID_ITEM (BID_ITEM_EMAIL,BID_ITEM_NO,AMOUNT,BID_DATE_TIME,BID_CUST_EMAIL) values ('SidvanErp@teleworm.us',6,900,to_timestamp('11-05-14 06:49:09.000000000 PM','DD-MM-RR HH12:MI:SSXFF AM'),'LeeY@teleworm.us');
Insert into CUST_BID_ITEM (BID_ITEM_EMAIL,BID_ITEM_NO,AMOUNT,BID_DATE_TIME,BID_CUST_EMAIL) values ('GustavPerales@dayrep.com',23,1000,to_timestamp('05-01-14 01:32:38.000000000 AM','DD-MM-RR HH12:MI:SSXFF AM'),'EveRobey@jourrapide.com');
Insert into CUST_BID_ITEM (BID_ITEM_EMAIL,BID_ITEM_NO,AMOUNT,BID_DATE_TIME,BID_CUST_EMAIL) values ('GustavPerales@dayrep.com',2,250,to_timestamp('05-01-14 01:45:38.000000000 AM','DD-MM-RR HH12:MI:SSXFF AM'),'maikkruger@jourrapide.com');

Insert into KEYWORDS (KEY_ITEM_NO,KEY_ITEM_EMAIL,KEYWORD) values (2,'GustavPerales@dayrep.com','ANIMAL');
Insert into KEYWORDS (KEY_ITEM_NO,KEY_ITEM_EMAIL,KEYWORD) values (2,'GustavPerales@dayrep.com','SOFT');
Insert into KEYWORDS (KEY_ITEM_NO,KEY_ITEM_EMAIL,KEYWORD) values (2,'GustavPerales@dayrep.com','TOY');
Insert into KEYWORDS (KEY_ITEM_NO,KEY_ITEM_EMAIL,KEYWORD) values (3,'NellaFiorentino@armyspy.com','ARMANI');
Insert into KEYWORDS (KEY_ITEM_NO,KEY_ITEM_EMAIL,KEYWORD) values (3,'NellaFiorentino@armyspy.com','FASHION');
Insert into KEYWORDS (KEY_ITEM_NO,KEY_ITEM_EMAIL,KEYWORD) values (3,'NellaFiorentino@armyspy.com','LEATHER');
Insert into KEYWORDS (KEY_ITEM_NO,KEY_ITEM_EMAIL,KEYWORD) values (4,'EveRobey@jourrapide.com','CAR');
Insert into KEYWORDS (KEY_ITEM_NO,KEY_ITEM_EMAIL,KEYWORD) values (4,'EveRobey@jourrapide.com','TOY ');
Insert into KEYWORDS (KEY_ITEM_NO,KEY_ITEM_EMAIL,KEYWORD) values (5,'LeeY@teleworm.us','DVD');
Insert into KEYWORDS (KEY_ITEM_NO,KEY_ITEM_EMAIL,KEYWORD) values (5,'LeeY@teleworm.us','MOVIE');
Insert into KEYWORDS (KEY_ITEM_NO,KEY_ITEM_EMAIL,KEYWORD) values (6,'SidvanErp@teleworm.us','GOLD');
Insert into KEYWORDS (KEY_ITEM_NO,KEY_ITEM_EMAIL,KEYWORD) values (6,'SidvanErp@teleworm.us','JEWELERY');
Insert into KEYWORDS (KEY_ITEM_NO,KEY_ITEM_EMAIL,KEYWORD) values (7,'SidvanErp@teleworm.us','BOOK');
Insert into KEYWORDS (KEY_ITEM_NO,KEY_ITEM_EMAIL,KEYWORD) values (7,'SidvanErp@teleworm.us','COMPUTER LANGUAGE');
Insert into KEYWORDS (KEY_ITEM_NO,KEY_ITEM_EMAIL,KEYWORD) values (8,'HoneyCrawford@dayrep.com','HOME APPLIANCE');
Insert into KEYWORDS (KEY_ITEM_NO,KEY_ITEM_EMAIL,KEYWORD) values (8,'HoneyCrawford@dayrep.com','MIXER');
Insert into KEYWORDS (KEY_ITEM_NO,KEY_ITEM_EMAIL,KEYWORD) values (9,'NellaFiorentino@armyspy.com','HD DVD');
Insert into KEYWORDS (KEY_ITEM_NO,KEY_ITEM_EMAIL,KEYWORD) values (9,'NellaFiorentino@armyspy.com','MOVIE');
Insert into KEYWORDS (KEY_ITEM_NO,KEY_ITEM_EMAIL,KEYWORD) values (10,'cileOuellet@teleworm.us','BARBIE DOLL');
Insert into KEYWORDS (KEY_ITEM_NO,KEY_ITEM_EMAIL,KEYWORD) values (10,'cileOuellet@teleworm.us','TOY');
Insert into KEYWORDS (KEY_ITEM_NO,KEY_ITEM_EMAIL,KEYWORD) values (11,'maikkruger@jourrapide.com','BENZ');
Insert into KEYWORDS (KEY_ITEM_NO,KEY_ITEM_EMAIL,KEYWORD) values (11,'maikkruger@jourrapide.com','TOY');
Insert into KEYWORDS (KEY_ITEM_NO,KEY_ITEM_EMAIL,KEYWORD) values (21,'nihadmadaboutros@armyspy.com','COMPUTER ACCESORIES');
Insert into KEYWORDS (KEY_ITEM_NO,KEY_ITEM_EMAIL,KEYWORD) values (21,'nihadmadaboutros@armyspy.com','MOUSE');
Insert into KEYWORDS (KEY_ITEM_NO,KEY_ITEM_EMAIL,KEYWORD) values (22,'HoneyCrawford@dayrep.com','INK PEN');
Insert into KEYWORDS (KEY_ITEM_NO,KEY_ITEM_EMAIL,KEYWORD) values (22,'HoneyCrawford@dayrep.com','PARKER PEN');
Insert into KEYWORDS (KEY_ITEM_NO,KEY_ITEM_EMAIL,KEYWORD) values (23,'GustavPerales@dayrep.com','DELL');
Insert into KEYWORDS (KEY_ITEM_NO,KEY_ITEM_EMAIL,KEYWORD) values (23,'GustavPerales@dayrep.com','LAPTOP');
Insert into KEYWORDS (KEY_ITEM_NO,KEY_ITEM_EMAIL,KEYWORD) values (24,'maikkruger@jourrapide.com','APPLE');
Insert into KEYWORDS (KEY_ITEM_NO,KEY_ITEM_EMAIL,KEYWORD) values (24,'maikkruger@jourrapide.com','IPAD');
Insert into KEYWORDS (KEY_ITEM_NO,KEY_ITEM_EMAIL,KEYWORD) values (25,'EveRobey@jourrapide.com','BOSE');
Insert into KEYWORDS (KEY_ITEM_NO,KEY_ITEM_EMAIL,KEYWORD) values (25,'EveRobey@jourrapide.com','MUSIC');
Insert into KEYWORDS (KEY_ITEM_NO,KEY_ITEM_EMAIL,KEYWORD) values (26,'NoahMiah@dayrep.com','COMPUTER SCIENCE');
Insert into KEYWORDS (KEY_ITEM_NO,KEY_ITEM_EMAIL,KEYWORD) values (26,'NoahMiah@dayrep.com','DATABASE');
Insert into KEYWORDS (KEY_ITEM_NO,KEY_ITEM_EMAIL,KEYWORD) values (26,'NoahMiah@dayrep.com','TEXTBOOK');
Insert into KEYWORDS (KEY_ITEM_NO,KEY_ITEM_EMAIL,KEYWORD) values (27,'cileOuellet@teleworm.us','CHAIN');
Insert into KEYWORDS (KEY_ITEM_NO,KEY_ITEM_EMAIL,KEYWORD) values (27,'cileOuellet@teleworm.us','GOLD');
Insert into KEYWORDS (KEY_ITEM_NO,KEY_ITEM_EMAIL,KEYWORD) values (28,'nihadmadaboutros@armyspy.com','24 CARAT');
Insert into KEYWORDS (KEY_ITEM_NO,KEY_ITEM_EMAIL,KEYWORD) values (28,'nihadmadaboutros@armyspy.com','EARRING');
Insert into KEYWORDS (KEY_ITEM_NO,KEY_ITEM_EMAIL,KEYWORD) values (28,'nihadmadaboutros@armyspy.com','EXPENSIVE');
Insert into KEYWORDS (KEY_ITEM_NO,KEY_ITEM_EMAIL,KEYWORD) values (28,'nihadmadaboutros@armyspy.com','PLATINUM STUDDED');

Insert into CLASSIFIED_CUSTOMER (CLASS_EMAIL,CLASS_DATE_TIME,DISCOUNT) values ('HoneyCrawford@dayrep.com',to_timestamp('20-APR-14 01.11.20.000000000 AM','DD-MON-RR HH.MI.SSXFF AM'),15);
Insert into CLASSIFIED_CUSTOMER (CLASS_EMAIL,CLASS_DATE_TIME,DISCOUNT) values ('EveRobey@jourrapide.com',to_timestamp('13-MAY-14 08.50.14.000000000 PM','DD-MON-RR HH.MI.SSXFF AM'),4);
Insert into CLASSIFIED_CUSTOMER (CLASS_EMAIL,CLASS_DATE_TIME,DISCOUNT) values ('GustavPerales@dayrep.com',to_timestamp('05-MAY-14 01.32.38.000000000 AM','DD-MON-RR HH.MI.SSXFF AM'),5);
Insert into CLASSIFIED_CUSTOMER (CLASS_EMAIL,CLASS_DATE_TIME,DISCOUNT) values ('maikkruger@jourrapide.com',to_timestamp('06-MAY-14 01.32.38.000000000 AM','DD-MON-RR HH.MI.SSXFF AM'),6);
Insert into CLASSIFIED_CUSTOMER (CLASS_EMAIL,CLASS_DATE_TIME,DISCOUNT) values ('SidvanErp@teleworm.us',to_timestamp('11-MAY-14 06.49.09.000000000 PM','DD-MON-RR HH.MI.SSXFF AM'),20);
Insert into CLASSIFIED_CUSTOMER (CLASS_EMAIL,CLASS_DATE_TIME,DISCOUNT) values ('LeeY@teleworm.us',to_timestamp('13-04-14 09:10:20.000000000 PM','DD-MM-RR HH12:MI:SSXFF AM'),10);

Insert into THREAD (THEAD_ID,THREAD_TITLE) values (1,'WELCOME');
Insert into THREAD (THEAD_ID,THREAD_TITLE) values (2,'ELECTRONICS');
Insert into THREAD (THEAD_ID,THREAD_TITLE) values (3,'BOOKS');
Insert into THREAD (THEAD_ID,THREAD_TITLE) values (4,'HD MOVIES');
Insert into THREAD (THEAD_ID,THREAD_TITLE) values (5,'TRANSACTION PROBLEMS');
Insert into THREAD (THEAD_ID,THREAD_TITLE) values (6,'USER REVIEWS');
Insert into THREAD (THEAD_ID,THREAD_TITLE) values (7,'TRADE POLICIES');

Insert into TRANSACTION (TRANS_ID,TRANS_DATE_TIME,TYPE,AMOUNT) values (2,to_timestamp('28-04-14 05:35:18.000000000 PM','DD-MM-RR HH12:MI:SSXFF AM'),'IT',0);
Insert into TRANSACTION (TRANS_ID,TRANS_DATE_TIME,TYPE,AMOUNT) values (10,to_timestamp('01-05-14 12:32:38.000000000 AM','DD-MM-RR HH12:MI:SSXFF AM'),'IT',0);
Insert into TRANSACTION (TRANS_ID,TRANS_DATE_TIME,TYPE,AMOUNT) values (11,to_timestamp('01-05-14 12:32:48.000000000 AM','DD-MM-RR HH12:MI:SSXFF AM'),'AT',0);
Insert into TRANSACTION (TRANS_ID,TRANS_DATE_TIME,TYPE,AMOUNT) values (20,to_timestamp('18-04-14 03:42:52.000000000 PM','DD-MM-RR HH12:MI:SSXFF AM'),'BI',300);
Insert into TRANSACTION (TRANS_ID,TRANS_DATE_TIME,TYPE,AMOUNT) values (21,to_timestamp('18-04-14 09:14:41.000000000 AM','DD-MM-RR HH12:MI:SSXFF AM'),'BI',500);
Insert into TRANSACTION (TRANS_ID,TRANS_DATE_TIME,TYPE,AMOUNT) values (23,to_timestamp('04-04-14 08:05:22.000000000 PM','DD-MM-RR HH12:MI:SSXFF AM'),'BI',800);
Insert into TRANSACTION (TRANS_ID,TRANS_DATE_TIME,TYPE,AMOUNT) values (27,to_timestamp('01-05-14 03:08:58.000000000 AM','DD-MM-RR HH12:MI:SSXFF AM'),'BI',730);
Insert into TRANSACTION (TRANS_ID,TRANS_DATE_TIME,TYPE,AMOUNT) values (28,to_timestamp('07-05-14 01:00:28.000000000 AM','DD-MM-RR HH12:MI:SSXFF AM'),'BI',750);
Insert into TRANSACTION (TRANS_ID,TRANS_DATE_TIME,TYPE,AMOUNT) values (29,to_timestamp('11-05-14 06:49:09.000000000 PM','DD-MM-RR HH12:MI:SSXFF AM'),'BI',900);
Insert into TRANSACTION (TRANS_ID,TRANS_DATE_TIME,TYPE,AMOUNT) values (30,to_timestamp('03-05-14 03:36:31.000000000 AM','DD-MM-RR HH12:MI:SSXFF AM'),'SI',1100);
Insert into TRANSACTION (TRANS_ID,TRANS_DATE_TIME,TYPE,AMOUNT) values (1,to_timestamp('23-03-01 03:53:34.000000000 PM','DD-MM-RR HH12:MI:SSXFF AM'),'PB',10);
Insert into TRANSACTION (TRANS_ID,TRANS_DATE_TIME,TYPE,AMOUNT) values (8,to_timestamp('02-05-14 04:50:36.000000000 PM','DD-MM-RR HH12:MI:SSXFF AM'),'AT',0);
Insert into TRANSACTION (TRANS_ID,TRANS_DATE_TIME,TYPE,AMOUNT) values (6,to_timestamp('03-05-14 09:09:13.000000000 AM','DD-MM-RR HH12:MI:SSXFF AM'),'AT',0);
Insert into TRANSACTION (TRANS_ID,TRANS_DATE_TIME,TYPE,AMOUNT) values (7,to_timestamp('01-05-14 05:50:36.000000000 PM','DD-MM-RR HH12:MI:SSXFF AM'),'IT',0);
Insert into TRANSACTION (TRANS_ID,TRANS_DATE_TIME,TYPE,AMOUNT) values (12,to_timestamp('10-05-14 04:15:22.000000000 PM','DD-MM-RR HH12:MI:SSXFF AM'),'IT',0);
Insert into TRANSACTION (TRANS_ID,TRANS_DATE_TIME,TYPE,AMOUNT) values (13,to_timestamp('10-05-14 04:16:24.000000000 PM','DD-MM-RR HH12:MI:SSXFF AM'),'AT',0);
Insert into TRANSACTION (TRANS_ID,TRANS_DATE_TIME,TYPE,AMOUNT) values (14,to_timestamp('01-05-14 07:41:46.000000000 PM','DD-MM-RR HH12:MI:SSXFF AM'),'IT',0);
Insert into TRANSACTION (TRANS_ID,TRANS_DATE_TIME,TYPE,AMOUNT) values (15,to_timestamp('05-05-14 07:43:46.000000000 PM','DD-MM-RR HH12:MI:SSXFF AM'),'AT',0);
Insert into TRANSACTION (TRANS_ID,TRANS_DATE_TIME,TYPE,AMOUNT) values (16,to_timestamp('25-04-14 02:08:28.000000000 AM','DD-MM-RR HH12:MI:SSXFF AM'),'IT',0);
Insert into TRANSACTION (TRANS_ID,TRANS_DATE_TIME,TYPE,AMOUNT) values (18,to_timestamp('28-04-14 06:25:10.000000000 PM','DD-MM-RR HH12:MI:SSXFF AM'),'IT',0);
Insert into TRANSACTION (TRANS_ID,TRANS_DATE_TIME,TYPE,AMOUNT) values (19,to_timestamp('28-04-14 06:30:10.000000000 AM','DD-MM-RR HH12:MI:SSXFF AM'),'AT',0);
Insert into TRANSACTION (TRANS_ID,TRANS_DATE_TIME,TYPE,AMOUNT) values (22,to_timestamp('20-04-14 01:11:20.000000000 AM','DD-MM-RR HH12:MI:SSXFF AM'),'BI',700);
Insert into TRANSACTION (TRANS_ID,TRANS_DATE_TIME,TYPE,AMOUNT) values (24,to_timestamp('12-04-14 07:59:24.000000000 AM','DD-MM-RR HH12:MI:SSXFF AM'),'BI',1100);
Insert into TRANSACTION (TRANS_ID,TRANS_DATE_TIME,TYPE,AMOUNT) values (25,to_timestamp('07-05-14 10:10:10.000000000 AM','DD-MM-RR HH12:MI:SSXFF AM'),'BI',200);
Insert into TRANSACTION (TRANS_ID,TRANS_DATE_TIME,TYPE,AMOUNT) values (32,to_timestamp('13-05-14 08:50:14.000000000 PM','DD-MM-RR HH12:MI:SSXFF AM'),'SI',900);
Insert into TRANSACTION (TRANS_ID,TRANS_DATE_TIME,TYPE,AMOUNT) values (33,to_timestamp('13-05-14 08:51:14.000000000 PM','DD-MM-RR HH12:MI:SSXFF AM'),'PI',900);
Insert into TRANSACTION (TRANS_ID,TRANS_DATE_TIME,TYPE,AMOUNT) values (17,to_timestamp('25-04-14 02:08:28.000000000 PM','DD-MM-RR HH12:MI:SSXFF AM'),'AT',0);
Insert into TRANSACTION (TRANS_ID,TRANS_DATE_TIME,TYPE,AMOUNT) values (4,to_timestamp('28-04-14 05:36:18.000000000 PM','DD-MM-RR HH12:MI:SSXFF AM'),'AT',0);
Insert into TRANSACTION (TRANS_ID,TRANS_DATE_TIME,TYPE,AMOUNT) values (5,to_timestamp('03-05-06 09:08:13.000000000 AM','DD-MM-RR HH12:MI:SSXFF AM'),'IT',0);
Insert into TRANSACTION (TRANS_ID,TRANS_DATE_TIME,TYPE,AMOUNT) values (26,to_timestamp('12-05-14 01:57:02.000000000 AM','DD-MM-RR HH12:MI:SSXFF AM'),'BI',450);
Insert into TRANSACTION (TRANS_ID,TRANS_DATE_TIME,TYPE,AMOUNT) values (42,to_timestamp('27-04-14 07:09:22.000000000 AM','DD-MM-RR HH12:MI:SSXFF AM'),'AT',0);
Insert into TRANSACTION (TRANS_ID,TRANS_DATE_TIME,TYPE,AMOUNT) values (31,to_timestamp('03-05-14 03:37:31.000000000 AM','DD-MM-RR HH12:MI:SSXFF AM'),'PI',1100);
Insert into TRANSACTION (TRANS_ID,TRANS_DATE_TIME,TYPE,AMOUNT) values (3,to_timestamp('12-12-11 01:33:04.000000000 AM','DD-MM-RR HH12:MI:SSXFF AM'),'PB',3);
Insert into TRANSACTION (TRANS_ID,TRANS_DATE_TIME,TYPE,AMOUNT) values (9,to_timestamp('25-11-01 09:58:38.000000000 PM','DD-MM-RR HH12:MI:SSXFF AM'),'PB',5);
Insert into TRANSACTION (TRANS_ID,TRANS_DATE_TIME,TYPE,AMOUNT) values (41,to_timestamp('27-04-14 06:09:22.000000000 AM','DD-MM-RR HH12:MI:SSXFF AM'),'IT',0);
Insert into TRANSACTION (TRANS_ID,TRANS_DATE_TIME,TYPE,AMOUNT) values (57,to_timestamp('02-05-14 12:00:00.000000000 AM','DD-MM-RR HH12:MI:SSXFF AM'),'PI',1100);
Insert into TRANSACTION (TRANS_ID,TRANS_DATE_TIME,TYPE,AMOUNT) values (48,to_timestamp('01-05-14 08:50:14.000000000 PM','DD-MM-RR HH12:MI:SSXFF AM'),'BI',1200);
Insert into TRANSACTION (TRANS_ID,TRANS_DATE_TIME,TYPE,AMOUNT) values (51,to_timestamp('13-05-14 08:40:14.000000000 PM','DD-MM-RR HH12:MI:SSXFF AM'),'SI',1200);
Insert into TRANSACTION (TRANS_ID,TRANS_DATE_TIME,TYPE,AMOUNT) values (52,to_timestamp('13-05-14 08:55:14.000000000 PM','DD-MM-RR HH12:MI:SSXFF AM'),'PI',1200);
Insert into TRANSACTION (TRANS_ID,TRANS_DATE_TIME,TYPE,AMOUNT) values (53,to_timestamp('10-05-14 08:50:14.000000000 PM','DD-MM-RR HH12:MI:SSXFF AM'),'BI',250);
Insert into TRANSACTION (TRANS_ID,TRANS_DATE_TIME,TYPE,AMOUNT) values (54,to_timestamp('13-05-14 08:52:14.000000000 PM','DD-MM-RR HH12:MI:SSXFF AM'),'SI',250);
Insert into TRANSACTION (TRANS_ID,TRANS_DATE_TIME,TYPE,AMOUNT) values (55,to_timestamp('13-05-14 08:59:14.000000000 PM','DD-MM-RR HH12:MI:SSXFF AM'),'PI',250);


Insert into CUST_GENERATE_TRANS (CUST_TRANS_EMAIL,GEN_TRANS_ID) values ('EveRobey@jourrapide.com',8);
Insert into CUST_GENERATE_TRANS (CUST_TRANS_EMAIL,GEN_TRANS_ID) values ('GustavPerales@dayrep.com',10);
Insert into CUST_GENERATE_TRANS (CUST_TRANS_EMAIL,GEN_TRANS_ID) values ('maikkruger@jourrapide.com',11);
Insert into CUST_GENERATE_TRANS (CUST_TRANS_EMAIL,GEN_TRANS_ID) values ('nihadmadaboutros@armyspy.com',13);
Insert into CUST_GENERATE_TRANS (CUST_TRANS_EMAIL,GEN_TRANS_ID) values ('cileOuellet@teleworm.us',15);
Insert into CUST_GENERATE_TRANS (CUST_TRANS_EMAIL,GEN_TRANS_ID) values ('SidvanErp@teleworm.us',16);
Insert into CUST_GENERATE_TRANS (CUST_TRANS_EMAIL,GEN_TRANS_ID) values ('NoahMiah@dayrep.com',17);
Insert into CUST_GENERATE_TRANS (CUST_TRANS_EMAIL,GEN_TRANS_ID) values ('cileOuellet@teleworm.us',18);
Insert into CUST_GENERATE_TRANS (CUST_TRANS_EMAIL,GEN_TRANS_ID) values ('SidvanErp@teleworm.us',1);
Insert into CUST_GENERATE_TRANS (CUST_TRANS_EMAIL,GEN_TRANS_ID) values ('LeeY@teleworm.us',3);
Insert into CUST_GENERATE_TRANS (CUST_TRANS_EMAIL,GEN_TRANS_ID) values ('LeeY@teleworm.us',2);
Insert into CUST_GENERATE_TRANS (CUST_TRANS_EMAIL,GEN_TRANS_ID) values ('HoneyCrawford@dayrep.com',4);
Insert into CUST_GENERATE_TRANS (CUST_TRANS_EMAIL,GEN_TRANS_ID) values ('maikkruger@jourrapide.com',5);
Insert into CUST_GENERATE_TRANS (CUST_TRANS_EMAIL,GEN_TRANS_ID) values ('GustavPerales@dayrep.com',6);
Insert into CUST_GENERATE_TRANS (CUST_TRANS_EMAIL,GEN_TRANS_ID) values ('HoneyCrawford@dayrep.com',7);
Insert into CUST_GENERATE_TRANS (CUST_TRANS_EMAIL,GEN_TRANS_ID) values ('EveRobey@jourrapide.com',12);
Insert into CUST_GENERATE_TRANS (CUST_TRANS_EMAIL,GEN_TRANS_ID) values ('NellaFiorentino@armyspy.com',14);
Insert into CUST_GENERATE_TRANS (CUST_TRANS_EMAIL,GEN_TRANS_ID) values ('nihadmadaboutros@armyspy.com',19);
Insert into CUST_GENERATE_TRANS (CUST_TRANS_EMAIL,GEN_TRANS_ID) values ('NellaFiorentino@armyspy.com',25);
Insert into CUST_GENERATE_TRANS (CUST_TRANS_EMAIL,GEN_TRANS_ID) values ('EveRobey@jourrapide.com',26);
Insert into CUST_GENERATE_TRANS (CUST_TRANS_EMAIL,GEN_TRANS_ID) values ('HoneyCrawford@dayrep.com',27);
Insert into CUST_GENERATE_TRANS (CUST_TRANS_EMAIL,GEN_TRANS_ID) values ('cileOuellet@teleworm.us',28);
Insert into CUST_GENERATE_TRANS (CUST_TRANS_EMAIL,GEN_TRANS_ID) values ('LeeY@teleworm.us',29);
Insert into CUST_GENERATE_TRANS (CUST_TRANS_EMAIL,GEN_TRANS_ID) values ('HoneyCrawford@dayrep.com',9);
Insert into CUST_GENERATE_TRANS (CUST_TRANS_EMAIL,GEN_TRANS_ID) values ('NellaFiorentino@armyspy.com',41);
Insert into CUST_GENERATE_TRANS (CUST_TRANS_EMAIL,GEN_TRANS_ID) values ('SidvanErp@teleworm.us',42);
Insert into CUST_GENERATE_TRANS (CUST_TRANS_EMAIL,GEN_TRANS_ID) values ('GustavPerales@dayrep.com',20);
Insert into CUST_GENERATE_TRANS (CUST_TRANS_EMAIL,GEN_TRANS_ID) values ('LeeY@teleworm.us',21);
Insert into CUST_GENERATE_TRANS (CUST_TRANS_EMAIL,GEN_TRANS_ID) values ('HoneyCrawford@dayrep.com',22);
Insert into CUST_GENERATE_TRANS (CUST_TRANS_EMAIL,GEN_TRANS_ID) values ('maikkruger@jourrapide.com',23);
Insert into CUST_GENERATE_TRANS (CUST_TRANS_EMAIL,GEN_TRANS_ID) values ('NoahMiah@dayrep.com',24);
Insert into CUST_GENERATE_TRANS (CUST_TRANS_EMAIL,GEN_TRANS_ID) values ('NellaFiorentino@armyspy.com',30);
Insert into CUST_GENERATE_TRANS (CUST_TRANS_EMAIL,GEN_TRANS_ID) values ('NoahMiah@dayrep.com',31);
Insert into CUST_GENERATE_TRANS (CUST_TRANS_EMAIL,GEN_TRANS_ID) values ('SidvanErp@teleworm.us',32);
Insert into CUST_GENERATE_TRANS (CUST_TRANS_EMAIL,GEN_TRANS_ID) values ('LeeY@teleworm.us',33);
Insert into CUST_GENERATE_TRANS (CUST_TRANS_EMAIL,GEN_TRANS_ID) values ('NoahMiah@dayrep.com',57);
Insert into CUST_GENERATE_TRANS (CUST_TRANS_EMAIL,GEN_TRANS_ID) values ('GustavPerales@dayrep.com',53);
Insert into CUST_GENERATE_TRANS (CUST_TRANS_EMAIL,GEN_TRANS_ID) values ('GustavPerales@dayrep.com',54);
Insert into CUST_GENERATE_TRANS (CUST_TRANS_EMAIL,GEN_TRANS_ID) values ('maikkruger@jourrapide.com',55);
Insert into CUST_GENERATE_TRANS (CUST_TRANS_EMAIL,GEN_TRANS_ID) values ('GustavPerales@dayrep.com',48);
Insert into CUST_GENERATE_TRANS (CUST_TRANS_EMAIL,GEN_TRANS_ID) values ('GustavPerales@dayrep.com',51);
Insert into CUST_GENERATE_TRANS (CUST_TRANS_EMAIL,GEN_TRANS_ID) values ('SidvanErp@teleworm.us',52);

Insert into TRANS_INVOLVE_ITEM (TRAN_INV_TRANS_ID,TRAN_INV_ITEM_NO,TRAN_INV_ITEM_EMAIL) values (2,5,'LeeY@teleworm.us');
Insert into TRANS_INVOLVE_ITEM (TRAN_INV_TRANS_ID,TRAN_INV_ITEM_NO,TRAN_INV_ITEM_EMAIL) values (4,8,'HoneyCrawford@dayrep.com');
Insert into TRANS_INVOLVE_ITEM (TRAN_INV_TRANS_ID,TRAN_INV_ITEM_NO,TRAN_INV_ITEM_EMAIL) values (5,11,'maikkruger@jourrapide.com');
Insert into TRANS_INVOLVE_ITEM (TRAN_INV_TRANS_ID,TRAN_INV_ITEM_NO,TRAN_INV_ITEM_EMAIL) values (6,2,'GustavPerales@dayrep.com');
Insert into TRANS_INVOLVE_ITEM (TRAN_INV_TRANS_ID,TRAN_INV_ITEM_NO,TRAN_INV_ITEM_EMAIL) values (7,22,'HoneyCrawford@dayrep.com');
Insert into TRANS_INVOLVE_ITEM (TRAN_INV_TRANS_ID,TRAN_INV_ITEM_NO,TRAN_INV_ITEM_EMAIL) values (8,4,'EveRobey@jourrapide.com');
Insert into TRANS_INVOLVE_ITEM (TRAN_INV_TRANS_ID,TRAN_INV_ITEM_NO,TRAN_INV_ITEM_EMAIL) values (10,23,'GustavPerales@dayrep.com');
Insert into TRANS_INVOLVE_ITEM (TRAN_INV_TRANS_ID,TRAN_INV_ITEM_NO,TRAN_INV_ITEM_EMAIL) values (11,24,'maikkruger@jourrapide.com');
Insert into TRANS_INVOLVE_ITEM (TRAN_INV_TRANS_ID,TRAN_INV_ITEM_NO,TRAN_INV_ITEM_EMAIL) values (12,25,'EveRobey@jourrapide.com');
Insert into TRANS_INVOLVE_ITEM (TRAN_INV_TRANS_ID,TRAN_INV_ITEM_NO,TRAN_INV_ITEM_EMAIL) values (13,21,'nihadmadaboutros@armyspy.com');
Insert into TRANS_INVOLVE_ITEM (TRAN_INV_TRANS_ID,TRAN_INV_ITEM_NO,TRAN_INV_ITEM_EMAIL) values (14,9,'NellaFiorentino@armyspy.com');
Insert into TRANS_INVOLVE_ITEM (TRAN_INV_TRANS_ID,TRAN_INV_ITEM_NO,TRAN_INV_ITEM_EMAIL) values (15,10,'cileOuellet@teleworm.us');
Insert into TRANS_INVOLVE_ITEM (TRAN_INV_TRANS_ID,TRAN_INV_ITEM_NO,TRAN_INV_ITEM_EMAIL) values (16,7,'SidvanErp@teleworm.us');
Insert into TRANS_INVOLVE_ITEM (TRAN_INV_TRANS_ID,TRAN_INV_ITEM_NO,TRAN_INV_ITEM_EMAIL) values (17,26,'NoahMiah@dayrep.com');
Insert into TRANS_INVOLVE_ITEM (TRAN_INV_TRANS_ID,TRAN_INV_ITEM_NO,TRAN_INV_ITEM_EMAIL) values (18,27,'cileOuellet@teleworm.us');
Insert into TRANS_INVOLVE_ITEM (TRAN_INV_TRANS_ID,TRAN_INV_ITEM_NO,TRAN_INV_ITEM_EMAIL) values (19,28,'nihadmadaboutros@armyspy.com');
Insert into TRANS_INVOLVE_ITEM (TRAN_INV_TRANS_ID,TRAN_INV_ITEM_NO,TRAN_INV_ITEM_EMAIL) values (20,3,'NellaFiorentino@armyspy.com');
Insert into TRANS_INVOLVE_ITEM (TRAN_INV_TRANS_ID,TRAN_INV_ITEM_NO,TRAN_INV_ITEM_EMAIL) values (21,3,'NellaFiorentino@armyspy.com');
Insert into TRANS_INVOLVE_ITEM (TRAN_INV_TRANS_ID,TRAN_INV_ITEM_NO,TRAN_INV_ITEM_EMAIL) values (22,3,'NellaFiorentino@armyspy.com');
Insert into TRANS_INVOLVE_ITEM (TRAN_INV_TRANS_ID,TRAN_INV_ITEM_NO,TRAN_INV_ITEM_EMAIL) values (23,3,'NellaFiorentino@armyspy.com');
Insert into TRANS_INVOLVE_ITEM (TRAN_INV_TRANS_ID,TRAN_INV_ITEM_NO,TRAN_INV_ITEM_EMAIL) values (24,3,'NellaFiorentino@armyspy.com');
Insert into TRANS_INVOLVE_ITEM (TRAN_INV_TRANS_ID,TRAN_INV_ITEM_NO,TRAN_INV_ITEM_EMAIL) values (25,6,'SidvanErp@teleworm.us');
Insert into TRANS_INVOLVE_ITEM (TRAN_INV_TRANS_ID,TRAN_INV_ITEM_NO,TRAN_INV_ITEM_EMAIL) values (26,6,'SidvanErp@teleworm.us');
Insert into TRANS_INVOLVE_ITEM (TRAN_INV_TRANS_ID,TRAN_INV_ITEM_NO,TRAN_INV_ITEM_EMAIL) values (27,6,'SidvanErp@teleworm.us');
Insert into TRANS_INVOLVE_ITEM (TRAN_INV_TRANS_ID,TRAN_INV_ITEM_NO,TRAN_INV_ITEM_EMAIL) values (28,6,'SidvanErp@teleworm.us');
Insert into TRANS_INVOLVE_ITEM (TRAN_INV_TRANS_ID,TRAN_INV_ITEM_NO,TRAN_INV_ITEM_EMAIL) values (29,6,'SidvanErp@teleworm.us');
Insert into TRANS_INVOLVE_ITEM (TRAN_INV_TRANS_ID,TRAN_INV_ITEM_NO,TRAN_INV_ITEM_EMAIL) values (30,3,'NellaFiorentino@armyspy.com');
Insert into TRANS_INVOLVE_ITEM (TRAN_INV_TRANS_ID,TRAN_INV_ITEM_NO,TRAN_INV_ITEM_EMAIL) values (31,3,'NellaFiorentino@armyspy.com');
Insert into TRANS_INVOLVE_ITEM (TRAN_INV_TRANS_ID,TRAN_INV_ITEM_NO,TRAN_INV_ITEM_EMAIL) values (32,6,'SidvanErp@teleworm.us');
Insert into TRANS_INVOLVE_ITEM (TRAN_INV_TRANS_ID,TRAN_INV_ITEM_NO,TRAN_INV_ITEM_EMAIL) values (33,6,'SidvanErp@teleworm.us');
Insert into TRANS_INVOLVE_ITEM (TRAN_INV_TRANS_ID,TRAN_INV_ITEM_NO,TRAN_INV_ITEM_EMAIL) values (41,3,'NellaFiorentino@armyspy.com');
Insert into TRANS_INVOLVE_ITEM (TRAN_INV_TRANS_ID,TRAN_INV_ITEM_NO,TRAN_INV_ITEM_EMAIL) values (42,3,'NellaFiorentino@armyspy.com');
Insert into TRANS_INVOLVE_ITEM (TRAN_INV_TRANS_ID,TRAN_INV_ITEM_NO,TRAN_INV_ITEM_EMAIL) values (48,23,'GustavPerales@dayrep.com');
Insert into TRANS_INVOLVE_ITEM (TRAN_INV_TRANS_ID,TRAN_INV_ITEM_NO,TRAN_INV_ITEM_EMAIL) values (51,23,'GustavPerales@dayrep.com');
Insert into TRANS_INVOLVE_ITEM (TRAN_INV_TRANS_ID,TRAN_INV_ITEM_NO,TRAN_INV_ITEM_EMAIL) values (52,23,'GustavPerales@dayrep.com');
Insert into TRANS_INVOLVE_ITEM (TRAN_INV_TRANS_ID,TRAN_INV_ITEM_NO,TRAN_INV_ITEM_EMAIL) values (53,2,'GustavPerales@dayrep.com');
Insert into TRANS_INVOLVE_ITEM (TRAN_INV_TRANS_ID,TRAN_INV_ITEM_NO,TRAN_INV_ITEM_EMAIL) values (54,2,'GustavPerales@dayrep.com');
Insert into TRANS_INVOLVE_ITEM (TRAN_INV_TRANS_ID,TRAN_INV_ITEM_NO,TRAN_INV_ITEM_EMAIL) values (55,2,'GustavPerales@dayrep.com');

Insert into MESSAGE (MSG_ID,MSG_THREAD_ID,MSG_TEXT,MSG_DATE_TIME) values (11,7,'TEST',to_timestamp('01-11-36 01:43:07.000000000 AM','DD-MM-RR HH12:MI:SSXFF AM'));
Insert into MESSAGE (MSG_ID,MSG_THREAD_ID,MSG_TEXT,MSG_DATE_TIME) values (2,4,'ADVANCED BLURAY DISCS',to_timestamp('01-05-14 03:08:58.000000000 AM','DD-MM-RR HH12:MI:SSXFF AM'));
Insert into MESSAGE (MSG_ID,MSG_THREAD_ID,MSG_TEXT,MSG_DATE_TIME) values (4,5,'MONEY NOT REFUNDED',to_timestamp('07-05-14 01:10:10.000000000 AM','DD-MM-RR HH12:MI:SSXFF AM'));
Insert into MESSAGE (MSG_ID,MSG_THREAD_ID,MSG_TEXT,MSG_DATE_TIME) values (5,6,'GOOD CUSTOMER SERVICE',to_timestamp('11-05-14 06:49:09.000000000 AM','DD-MM-RR HH12:MI:SSXFF AM'));
Insert into MESSAGE (MSG_ID,MSG_THREAD_ID,MSG_TEXT,MSG_DATE_TIME) values (6,7,'SMOOTH AND FLEXIBLE TRADE POSSIBLE',to_timestamp('01-05-14 01:00:00.000000000 AM','DD-MM-RR HH12:MI:SSXFF AM'));
Insert into MESSAGE (MSG_ID,MSG_THREAD_ID,MSG_TEXT,MSG_DATE_TIME) values (10,4,'COOL',to_timestamp('13-05-14 09:08:13.000000000 AM','DD-MM-RR HH12:MI:SSXFF AM'));
Insert into MESSAGE (MSG_ID,MSG_THREAD_ID,MSG_TEXT,MSG_DATE_TIME) values (1,1,'HI',to_timestamp('07-05-14 01:00:28.000000000 AM','DD-MM-RR HH12:MI:SSXFF AM'));
Insert into MESSAGE (MSG_ID,MSG_THREAD_ID,MSG_TEXT,MSG_DATE_TIME) values (7,1,'HOWDY',to_timestamp('08-05-14 01:00:28.000000000 AM','DD-MM-RR HH12:MI:SSXFF AM'));
Insert into MESSAGE (MSG_ID,MSG_THREAD_ID,MSG_TEXT,MSG_DATE_TIME) values (8,7,'NICE',to_timestamp('02-05-14 01:00:00.000000000 AM','DD-MM-RR HH12:MI:SSXFF AM'));
Insert into MESSAGE (MSG_ID,MSG_THREAD_ID,MSG_TEXT,MSG_DATE_TIME) values (9,6,'THANKS. APPRECIATE THAT MAN.............',to_timestamp('12-05-14 06:49:09.000000000 AM','DD-MM-RR HH12:MI:SSXFF AM'));
Insert into MESSAGE (MSG_ID,MSG_THREAD_ID,MSG_TEXT,MSG_DATE_TIME) values (11,5,'Oh , SAD !!!!',to_timestamp('07-05-14 02:10:10.000000000 AM','DD-MM-RR HH12:MI:SSXFF AM'));
Insert into MESSAGE (MSG_ID,MSG_THREAD_ID,MSG_TEXT,MSG_DATE_TIME) values (2,1,'Hello!',to_timestamp('08-05-14 12:50:28.000000000 AM','DD-MM-RR HH12:MI:SSXFF AM'));

Insert into CUST_RATE_MSG (RATE_MSG_ID,RATE_THREAD_ID,RATE_CUST_EMAIL,MSG_STATUS) values (4,5,'HoneyCrawford@dayrep.com','LIKE');
Insert into CUST_RATE_MSG (RATE_MSG_ID,RATE_THREAD_ID,RATE_CUST_EMAIL,MSG_STATUS) values (8,7,'EveRobey@jourrapide.com','LIKE');
Insert into CUST_RATE_MSG (RATE_MSG_ID,RATE_THREAD_ID,RATE_CUST_EMAIL,MSG_STATUS) values (6,7,'maikkruger@jourrapide.com','LIKE');
Insert into CUST_RATE_MSG (RATE_MSG_ID,RATE_THREAD_ID,RATE_CUST_EMAIL,MSG_STATUS) values (5,6,'SidvanErp@teleworm.us',null);
Insert into CUST_RATE_MSG (RATE_MSG_ID,RATE_THREAD_ID,RATE_CUST_EMAIL,MSG_STATUS) values (2,4,'NellaFiorentino@armyspy.com','DISLIKE');
Insert into CUST_RATE_MSG (RATE_MSG_ID,RATE_THREAD_ID,RATE_CUST_EMAIL,MSG_STATUS) values (10,4,'SidvanErp@teleworm.us',null);
Insert into CUST_RATE_MSG (RATE_MSG_ID,RATE_THREAD_ID,RATE_CUST_EMAIL,MSG_STATUS) values (6,7,'NellaFiorentino@armyspy.com','LIKE');
Insert into CUST_RATE_MSG (RATE_MSG_ID,RATE_THREAD_ID,RATE_CUST_EMAIL,MSG_STATUS) values (11,5,'SidvanErp@teleworm.us','LIKE');
Insert into CUST_RATE_MSG (RATE_MSG_ID,RATE_THREAD_ID,RATE_CUST_EMAIL,MSG_STATUS) values (9,6,'maikkruger@jourrapide.com',null);
Insert into CUST_RATE_MSG (RATE_MSG_ID,RATE_THREAD_ID,RATE_CUST_EMAIL,MSG_STATUS) values (11,7,'EveRobey@jourrapide.com','DISLIKE');
Insert into CUST_RATE_MSG (RATE_MSG_ID,RATE_THREAD_ID,RATE_CUST_EMAIL,MSG_STATUS) values (11,7,'SidvanErp@teleworm.us','DISLIKE');
Insert into CUST_RATE_MSG (RATE_MSG_ID,RATE_THREAD_ID,RATE_CUST_EMAIL,MSG_STATUS) values (11,7,'maikkruger@jourrapide.com','DISLIKE');
Insert into CUST_RATE_MSG (RATE_MSG_ID,RATE_THREAD_ID,RATE_CUST_EMAIL,MSG_STATUS) values (11,7,'NellaFiorentino@armyspy.com','DISLIKE');

Insert into PLATINUM (PLATINUM_EMAIL,URL,VIEW_COUNT) values ('HoneyCrawford@dayrep.com','WWW.Crawforddayrep.com',4);
Insert into PLATINUM (PLATINUM_EMAIL,URL,VIEW_COUNT) values ('SidvanErp@teleworm.us','WWW.SidvanERP.us',5);
Insert into PLATINUM (PLATINUM_EMAIL,URL,VIEW_COUNT) values ('LeeY@teleworm.us','WWW.Lee.com',3);

Insert into GOLD (GOLD_EMAIL) values ('EveRobey@jourrapide.com');
Insert into GOLD (GOLD_EMAIL) values ('GustavPerales@dayrep.com');
Insert into GOLD (GOLD_EMAIL) values ('maikkruger@jourrapide.com');

Insert into PLATINUM_MODERATE_THREAD (MODERATE_THREAD_ID,MODERATE_PLATINUM_EMAIL) values (2,'HoneyCrawford@dayrep.com');
Insert into PLATINUM_MODERATE_THREAD (MODERATE_THREAD_ID,MODERATE_PLATINUM_EMAIL) values (5,'SidvanErp@teleworm.us');
Insert into PLATINUM_MODERATE_THREAD (MODERATE_THREAD_ID,MODERATE_PLATINUM_EMAIL) values (6,'HoneyCrawford@dayrep.com');
Insert into PLATINUM_MODERATE_THREAD (MODERATE_THREAD_ID,MODERATE_PLATINUM_EMAIL) values (3,'HoneyCrawford@dayrep.com');
Insert into PLATINUM_MODERATE_THREAD (MODERATE_THREAD_ID,MODERATE_PLATINUM_EMAIL) values (4,'SidvanErp@teleworm.us');
Insert into PLATINUM_MODERATE_THREAD (MODERATE_THREAD_ID,MODERATE_PLATINUM_EMAIL) values (7,'SidvanErp@teleworm.us');
Insert into PLATINUM_MODERATE_THREAD (MODERATE_THREAD_ID,MODERATE_PLATINUM_EMAIL) values (1,'SidvanErp@teleworm.us');

Insert into CUSTOMER_TRADE (INITIATE_CUST_EMAIL,ACCEPT_CUST_EMAIL) values ('SidvanErp@teleworm.us','NoahMiah@dayrep.com');
Insert into CUSTOMER_TRADE (INITIATE_CUST_EMAIL,ACCEPT_CUST_EMAIL) values ('NellaFiorentino@armyspy.com','cileOuellet@teleworm.us');
Insert into CUSTOMER_TRADE (INITIATE_CUST_EMAIL,ACCEPT_CUST_EMAIL) values ('LeeY@teleworm.us','HoneyCrawford@dayrep.com');
Insert into CUSTOMER_TRADE (INITIATE_CUST_EMAIL,ACCEPT_CUST_EMAIL) values ('EveRobey@jourrapide.com','nihadmadaboutros@armyspy.com');
Insert into CUSTOMER_TRADE (INITIATE_CUST_EMAIL,ACCEPT_CUST_EMAIL) values ('NoahMiah@dayrep.com','SidvanErp@teleworm.us');
Insert into CUSTOMER_TRADE (INITIATE_CUST_EMAIL,ACCEPT_CUST_EMAIL) values ('cileOuellet@teleworm.us','LeeY@teleworm.us');
Insert into CUSTOMER_TRADE (INITIATE_CUST_EMAIL,ACCEPT_CUST_EMAIL) values ('nihadmadaboutros@armyspy.com','maikkruger@jourrapide.com');
Insert into CUSTOMER_TRADE (INITIATE_CUST_EMAIL,ACCEPT_CUST_EMAIL) values ('SidvanErp@teleworm.us','NellaFiorentino@armyspy.com');
Insert into CUSTOMER_TRADE (INITIATE_CUST_EMAIL,ACCEPT_CUST_EMAIL) values ('HoneyCrawford@dayrep.com','EveRobey@jourrapide.com');
Insert into CUSTOMER_TRADE (INITIATE_CUST_EMAIL,ACCEPT_CUST_EMAIL) values ('maikkruger@jourrapide.com','GustavPerales@dayrep.com');

Insert into CUST_POST_MSG (POST_CUST_EMAIL,POST_THREAD_ID,POST_MSG_ID) values ('EveRobey@jourrapide.com',6,5);
Insert into CUST_POST_MSG (POST_CUST_EMAIL,POST_THREAD_ID,POST_MSG_ID) values ('SidvanErp@teleworm.us',6,9);
Insert into CUST_POST_MSG (POST_CUST_EMAIL,POST_THREAD_ID,POST_MSG_ID) values ('NoahMiah@dayrep.com',7,6);
Insert into CUST_POST_MSG (POST_CUST_EMAIL,POST_THREAD_ID,POST_MSG_ID) values ('maikkruger@jourrapide.com',4,10);
Insert into CUST_POST_MSG (POST_CUST_EMAIL,POST_THREAD_ID,POST_MSG_ID) values ('NellaFiorentino@armyspy.com',1,2);
Insert into CUST_POST_MSG (POST_CUST_EMAIL,POST_THREAD_ID,POST_MSG_ID) values ('NellaFiorentino@armyspy.com',1,1);
Insert into CUST_POST_MSG (POST_CUST_EMAIL,POST_THREAD_ID,POST_MSG_ID) values ('SidvanErp@teleworm.us',1,7);
Insert into CUST_POST_MSG (POST_CUST_EMAIL,POST_THREAD_ID,POST_MSG_ID) values ('cileOuellet@teleworm.us',5,4);
Insert into CUST_POST_MSG (POST_CUST_EMAIL,POST_THREAD_ID,POST_MSG_ID) values ('HoneyCrawford@dayrep.com',5,11);
Insert into CUST_POST_MSG (POST_CUST_EMAIL,POST_THREAD_ID,POST_MSG_ID) values ('maikkruger@jourrapide.com',7,8);
Insert into CUST_POST_MSG (POST_CUST_EMAIL,POST_THREAD_ID,POST_MSG_ID) values ('SidvanErp@teleworm.us',4,2);

Insert into PLATINUM_REVIEW_CUSTOMER (PLATINUM_EMAIL_REVCUST,CUST_EMAIL_REVCUST,CRITIQUE) values ('HoneyCrawford@dayrep.com','nihadmadaboutros@armyspy.com','POOR');
Insert into PLATINUM_REVIEW_CUSTOMER (PLATINUM_EMAIL_REVCUST,CUST_EMAIL_REVCUST,CRITIQUE) values ('SidvanErp@teleworm.us','maikkruger@jourrapide.com','EXCELLENT');
Insert into PLATINUM_REVIEW_CUSTOMER (PLATINUM_EMAIL_REVCUST,CUST_EMAIL_REVCUST,CRITIQUE) values ('HoneyCrawford@dayrep.com','NoahMiah@dayrep.com','FAIR');
Insert into PLATINUM_REVIEW_CUSTOMER (PLATINUM_EMAIL_REVCUST,CUST_EMAIL_REVCUST,CRITIQUE) values ('HoneyCrawford@dayrep.com','EveRobey@jourrapide.com','GOOD');
Insert into PLATINUM_REVIEW_CUSTOMER (PLATINUM_EMAIL_REVCUST,CUST_EMAIL_REVCUST,CRITIQUE) values ('HoneyCrawford@dayrep.com','cileOuellet@teleworm.us','EXCELLENT');
Insert into PLATINUM_REVIEW_CUSTOMER (PLATINUM_EMAIL_REVCUST,CUST_EMAIL_REVCUST,CRITIQUE) values ('SidvanErp@teleworm.us','NellaFiorentino@armyspy.com','POOR');
Insert into PLATINUM_REVIEW_CUSTOMER (PLATINUM_EMAIL_REVCUST,CUST_EMAIL_REVCUST,CRITIQUE) values ('SidvanErp@teleworm.us','nihadmadaboutros@armyspy.com','GOOD');
Insert into PLATINUM_REVIEW_CUSTOMER (PLATINUM_EMAIL_REVCUST,CUST_EMAIL_REVCUST,CRITIQUE) values ('SidvanErp@teleworm.us','LeeY@teleworm.us','GOOD');
Insert into PLATINUM_REVIEW_CUSTOMER (PLATINUM_EMAIL_REVCUST,CUST_EMAIL_REVCUST,CRITIQUE) values ('SidvanErp@teleworm.us','GustavPerales@dayrep.com','GOOD');
Insert into PLATINUM_REVIEW_CUSTOMER (PLATINUM_EMAIL_REVCUST,CUST_EMAIL_REVCUST,CRITIQUE) values ('SidvanErp@teleworm.us','cileOuellet@teleworm.us','FAIR');
Insert into PLATINUM_REVIEW_CUSTOMER (PLATINUM_EMAIL_REVCUST,CUST_EMAIL_REVCUST,CRITIQUE) values ('HoneyCrawford@dayrep.com','NellaFiorentino@armyspy.com','POOR');
Insert into PLATINUM_REVIEW_CUSTOMER (PLATINUM_EMAIL_REVCUST,CUST_EMAIL_REVCUST,CRITIQUE) values ('LeeY@teleworm.us','NellaFiorentino@armyspy.com','POOR');

Insert into CUSTOMER_TRADE_ITEM (TRADE_ITEM_EMAIL,TRADE_ITEM_NO,TRADE_ACCEPT_CUST_EMAIL,TRADE_ACCEPT_ITEM_NO) values ('EveRobey@jourrapide.com',25,'nihadmadaboutros@armyspy.com',21);
Insert into CUSTOMER_TRADE_ITEM (TRADE_ITEM_EMAIL,TRADE_ITEM_NO,TRADE_ACCEPT_CUST_EMAIL,TRADE_ACCEPT_ITEM_NO) values ('GustavPerales@dayrep.com',23,'maikkruger@jourrapide.com',24);
Insert into CUSTOMER_TRADE_ITEM (TRADE_ITEM_EMAIL,TRADE_ITEM_NO,TRADE_ACCEPT_CUST_EMAIL,TRADE_ACCEPT_ITEM_NO) values ('HoneyCrawford@dayrep.com',22,'EveRobey@jourrapide.com',4);
Insert into CUSTOMER_TRADE_ITEM (TRADE_ITEM_EMAIL,TRADE_ITEM_NO,TRADE_ACCEPT_CUST_EMAIL,TRADE_ACCEPT_ITEM_NO) values ('LeeY@teleworm.us',5,'HoneyCrawford@dayrep.com',8);
Insert into CUSTOMER_TRADE_ITEM (TRADE_ITEM_EMAIL,TRADE_ITEM_NO,TRADE_ACCEPT_CUST_EMAIL,TRADE_ACCEPT_ITEM_NO) values ('NellaFiorentino@armyspy.com',3,'SidvanErp@teleworm.us',3);
Insert into CUSTOMER_TRADE_ITEM (TRADE_ITEM_EMAIL,TRADE_ITEM_NO,TRADE_ACCEPT_CUST_EMAIL,TRADE_ACCEPT_ITEM_NO) values ('NellaFiorentino@armyspy.com',9,'cileOuellet@teleworm.us',10);
Insert into CUSTOMER_TRADE_ITEM (TRADE_ITEM_EMAIL,TRADE_ITEM_NO,TRADE_ACCEPT_CUST_EMAIL,TRADE_ACCEPT_ITEM_NO) values ('SidvanErp@teleworm.us',7,'NoahMiah@dayrep.com',26);
Insert into CUSTOMER_TRADE_ITEM (TRADE_ITEM_EMAIL,TRADE_ITEM_NO,TRADE_ACCEPT_CUST_EMAIL,TRADE_ACCEPT_ITEM_NO) values ('cileOuellet@teleworm.us',27,'nihadmadaboutros@armyspy.com',28);
Insert into CUSTOMER_TRADE_ITEM (TRADE_ITEM_EMAIL,TRADE_ITEM_NO,TRADE_ACCEPT_CUST_EMAIL,TRADE_ACCEPT_ITEM_NO) values ('maikkruger@jourrapide.com',11,'GustavPerales@dayrep.com',2);

Insert into CLASSCUST_REVIEW_ITEM (CLASS_EMAIL_REVITEM,ITEM_NO_REVITEM,ITEM_EMAIL_REVITEM,RATING) values ('HoneyCrawford@dayrep.com',6,'SidvanErp@teleworm.us',4);
Insert into CLASSCUST_REVIEW_ITEM (CLASS_EMAIL_REVITEM,ITEM_NO_REVITEM,ITEM_EMAIL_REVITEM,RATING) values ('HoneyCrawford@dayrep.com',7,'SidvanErp@teleworm.us',5);
Insert into CLASSCUST_REVIEW_ITEM (CLASS_EMAIL_REVITEM,ITEM_NO_REVITEM,ITEM_EMAIL_REVITEM,RATING) values ('HoneyCrawford@dayrep.com',2,'GustavPerales@dayrep.com',3);
Insert into CLASSCUST_REVIEW_ITEM (CLASS_EMAIL_REVITEM,ITEM_NO_REVITEM,ITEM_EMAIL_REVITEM,RATING) values ('GustavPerales@dayrep.com',3,'NellaFiorentino@armyspy.com',4);
Insert into CLASSCUST_REVIEW_ITEM (CLASS_EMAIL_REVITEM,ITEM_NO_REVITEM,ITEM_EMAIL_REVITEM,RATING) values ('maikkruger@jourrapide.com',4,'EveRobey@jourrapide.com',5);
Insert into CLASSCUST_REVIEW_ITEM (CLASS_EMAIL_REVITEM,ITEM_NO_REVITEM,ITEM_EMAIL_REVITEM,RATING) values ('maikkruger@jourrapide.com',8,'HoneyCrawford@dayrep.com',3);
Insert into CLASSCUST_REVIEW_ITEM (CLASS_EMAIL_REVITEM,ITEM_NO_REVITEM,ITEM_EMAIL_REVITEM,RATING) values ('GustavPerales@dayrep.com',9,'NellaFiorentino@armyspy.com',3);
Insert into CLASSCUST_REVIEW_ITEM (CLASS_EMAIL_REVITEM,ITEM_NO_REVITEM,ITEM_EMAIL_REVITEM,RATING) values ('EveRobey@jourrapide.com',10,'cileOuellet@teleworm.us',4);
Insert into CLASSCUST_REVIEW_ITEM (CLASS_EMAIL_REVITEM,ITEM_NO_REVITEM,ITEM_EMAIL_REVITEM,RATING) values ('SidvanErp@teleworm.us',11,'maikkruger@jourrapide.com',4);
Insert into CLASSCUST_REVIEW_ITEM (CLASS_EMAIL_REVITEM,ITEM_NO_REVITEM,ITEM_EMAIL_REVITEM,RATING) values ('SidvanErp@teleworm.us',5,'LeeY@teleworm.us',5);
Insert into CLASSCUST_REVIEW_ITEM (CLASS_EMAIL_REVITEM,ITEM_NO_REVITEM,ITEM_EMAIL_REVITEM,RATING) values ('maikkruger@jourrapide.com',21,'nihadmadaboutros@armyspy.com',3);
Insert into CLASSCUST_REVIEW_ITEM (CLASS_EMAIL_REVITEM,ITEM_NO_REVITEM,ITEM_EMAIL_REVITEM,RATING) values ('SidvanErp@teleworm.us',6,'SidvanErp@teleworm.us',5);

Insert into MESSAGE_REPLY (MSG_ID_REPLY,THREAD_ID_REPLY,ATTACH_MSG_ID,ATTACH_THREAD_ID) values (8,7,6,7);
Insert into MESSAGE_REPLY (MSG_ID_REPLY,THREAD_ID_REPLY,ATTACH_MSG_ID,ATTACH_THREAD_ID) values (9,6,5,6);
Insert into MESSAGE_REPLY (MSG_ID_REPLY,THREAD_ID_REPLY,ATTACH_MSG_ID,ATTACH_THREAD_ID) values (10,4,2,4);
Insert into MESSAGE_REPLY (MSG_ID_REPLY,THREAD_ID_REPLY,ATTACH_MSG_ID,ATTACH_THREAD_ID) values (7,1,1,1);
Insert into MESSAGE_REPLY (MSG_ID_REPLY,THREAD_ID_REPLY,ATTACH_MSG_ID,ATTACH_THREAD_ID) values (11,5,4,5);

Insert into CUST_POST_THREAD (THREAD_ID_POST,CUST_EMAIL_POST) values (1,'SidvanErp@teleworm.us');
Insert into CUST_POST_THREAD (THREAD_ID_POST,CUST_EMAIL_POST) values (2,'maikkruger@jourrapide.com');
Insert into CUST_POST_THREAD (THREAD_ID_POST,CUST_EMAIL_POST) values (3,'HoneyCrawford@dayrep.com');
Insert into CUST_POST_THREAD (THREAD_ID_POST,CUST_EMAIL_POST) values (4,'LeeY@teleworm.us');
Insert into CUST_POST_THREAD (THREAD_ID_POST,CUST_EMAIL_POST) values (5,'EveRobey@jourrapide.com');
Insert into CUST_POST_THREAD (THREAD_ID_POST,CUST_EMAIL_POST) values (6,'HoneyCrawford@dayrep.com');
Insert into CUST_POST_THREAD (THREAD_ID_POST,CUST_EMAIL_POST) values (7,'SidvanErp@teleworm.us');
